{
  "urls": [
    "marko.ogg",
    "marko.m4a",
    "marko.mp3",
    "marko.ac3"
  ],
  "sprite": {
    "01.frac": [
      0,
      10866.938775510205
    ],
    "02.frac": [
      12000,
      130890.88435374148
    ],
    "03.frac": [
      144000,
      130983.7641723356
    ],
    "04.frac": [
      276000,
      132098.32199546485
    ],
    "05.frac": [
      410000,
      132028.66213151923
    ],
    "06.frac": [
      544000,
      131982.22222222216
    ],
    "07.frac": [
      677000,
      131982.22222222216
    ],
    "08.frac": [
      810000,
      130403.26530612243
    ],
    "09.frac": [
      942000,
      132051.88208616778
    ],
    "10.frac": [
      1076000,
      131982.22222222216
    ],
    "11.frac": [
      1209000,
      131982.22222222216
    ]
  }
}